venue,avg_1st_score,median_1st_score,std_1st_score,win_rate_bat_first
"7he Sevens Stadium, Dubai",79.0,79.0,0.0,0.0
AMI Stadium,186.4918918918919,183.0,21.454968008309965,0.32972972972972975
"Achimota Senior Secondary School A Field, Accra",122.65740272865084,111.0,53.848858433822876,0.4441637190500253
"Achimota Senior Secondary School B Field, Accra",122.0037037037037,111.0,38.42397962928368,0.5935185185185186
Adelaide Oval,167.14436805922793,168.0,39.47020567787653,0.5954521417239556
Al Amerat Cricket Ground Oman Cricket (Ministry Turf 1),150.5184263348053,147.0,36.61047122878533,0.44680851063829785
Al Amerat Cricket Ground Oman Cricket (Ministry Turf 2),157.1947242206235,158.0,66.09490745542068,0.6311750599520384
Allan Border Field,133.64430894308944,138.0,8.600046661295359,0.2540650406504065
"Allan Border Field, Brisbane",167.8211382113821,146.0,22.04412366339254,0.4959349593495935
Amini Park,153.1048387096774,156.0,57.9036884252932,0.4629032258064516
"Amini Park, Port Moresby",118.58049242424242,106.0,37.672831260741724,0.5397727272727273
"Arnos Vale Ground, Kingstown",143.465306122449,135.0,8.51732927385011,0.5020408163265306
"Arnos Vale Ground, Kingstown, St Vincent",140.96231493943472,147.0,27.972188363757912,1.0
Arun Jaitley Stadium,175.22131147540983,202.0,27.054589623059037,0.5040983606557377
"Arun Jaitley Stadium, Delhi",215.9402390438247,211.0,5.009632156419209,0.4940239043824701
Arundel Castle Cricket Club Ground,139.0,139.0,0.0,0.0
Asian Institute of Technology Ground,99.7292243767313,107.0,35.38724616414766,0.7084487534626038
"Asian Institute of Technology Ground, Bangkok",29.589041095890412,30.0,0.4954127470648463,0.0
"Ballpark Ground, Graz",169.27906976744185,244.0,76.62795831821737,0.5116279069767442
Barabati Stadium,138.02510460251045,180.0,44.045614694695196,0.5230125523012552
"Barabati Stadium, Cuttack",148.0,148.0,0.0,0.0
Barsapara Cricket Stadium,126.89634146341463,118.0,19.277463463480174,0.49390243902439024
"Barsapara Cricket Stadium, Guwahati",229.26923076923077,222.0,7.510906830318245,0.4846153846153846
Basin Reserve,162.0,162.0,9.017910465476312,0.5
"Basin Reserve, Wellington",156.16666666666666,136.0,20.53907839939754,0.491869918699187
Bay Oval,181.0550038197097,182.0,41.67039775091435,0.8502673796791443
"Bay Oval, Mount Maunganui",172.0689238210399,186.0,44.51369013430721,0.7690447400241838
Bayer Uerdingen Cricket Ground,132.81047653692252,132.0,44.611162451478876,0.5671153146598763
"Bayuemas Oval, Kuala Lumpur",119.30498505447883,112.0,47.94434286498582,0.5199112911001832
"Beausejour Stadium, Gros Islet",149.61600429645543,150.0,30.728993804245736,0.4011815252416756
"Belgrano Athletic Club Ground, Buenos Aires",151.80806451612904,125.0,46.1642531866371,0.6
Bellerive Oval,182.66933333333333,179.0,23.93970798774129,0.6693333333333333
"Bellerive Oval, Hobart",147.76131953428202,146.0,31.73232430449726,0.407503234152652
Bermuda National Stadium,141.0,141.0,0.0,0.0
Bharat Ratna Shri Atal Bihari Vajpayee Ekana Cricket Stadium,149.36491935483872,158.0,31.59724286644582,0.2600806451612903
"Bharat Ratna Shri Atal Bihari Vajpayee Ekana Cricket Stadium, Lucknow",149.0,149.0,50.10030100351266,0.5
Boland Bank Park,97.0,97.0,0.0,1.0
Boland Park,146.49392712550608,146.0,0.5009782734211818,0.4939271255060729
"Boland Park, Paarl",137.76268861454048,135.0,23.64747811782162,0.6694101508916324
Botswana Cricket Association Oval 1,105.04212454212454,93.0,37.947284365497275,0.27564102564102566
"Botswana Cricket Association Oval 1, Gaborone",117.2929169840061,115.0,58.53997228184557,0.6298552932216298
Botswana Cricket Association Oval 2,108.1866125760649,148.0,54.52699099750387,0.5943204868154158
"Botswana Cricket Association Oval 2, Gaborone",126.22809040590406,125.0,49.43561846863887,0.6930350553505535
Brabourne Stadium,159.56404958677686,166.0,37.481384954717214,0.256198347107438
"Brabourne Stadium, Mumbai",185.42702702702704,188.0,9.984069930849449,1.0
Bready,171.0,171.0,0.0,0.0
"Bready Cricket Club, Magheramason",142.89795918367346,166.0,40.36470307256622,0.47959183673469385
"Bready Cricket Club, Magheramason, Bready",146.97067448680352,124.0,57.308782879603136,0.6979472140762464
"Brian Lara Stadium, Tarouba",130.45405405405404,135.0,22.363207717160417,0.0
"Brian Lara Stadium, Tarouba, Trinidad",149.26448362720404,149.0,60.25384459059374,0.5289672544080605
"Brisbane Cricket Ground, Woolloongabba",167.3500837520938,158.0,31.934124530926667,0.5963149078726968
"Brisbane Cricket Ground, Woolloongabba, Brisbane",165.3029197080292,178.0,24.450962577870026,1.0
Buffalo Park,160.96728016359918,160.0,12.702739191063635,0.50920245398773
"Buffalo Park, East London",128.0,141.0,28.1847467121766,0.3330404217926186
Bulawayo Athletic Club,146.5032139577594,146.0,34.28503251762364,0.2066115702479339
Carrara Oval,132.6178107606679,131.0,14.86177133597919,0.34137291280148424
"Castle Avenue, Dublin",166.94266055045873,176.0,23.11765775152814,0.2775229357798165
Central Broward Regional Park Stadium Turf Ground,152.95844504021449,167.0,46.65603565499209,0.7620643431635389
"Central Broward Regional Park Stadium Turf Ground, Lauderhill",167.16972111553784,178.0,27.022597451913434,0.6039840637450199
"Centre for Cricket Development Ground, Windhoek",99.05102040816327,93.0,32.23867030117199,0.6181972789115646
Chilaw Marians Cricket Club Ground,156.0,156.0,0.0,1.0
City Oval,132.97942386831275,128.0,5.0102775031365745,0.0
"Civil Service Cricket Club, Stormont",109.68029739776952,107.0,40.146065765371056,0.14993804213135067
"Civil Service Cricket Club, Stormont, Belfast",147.66190900981266,159.0,34.213834705875904,0.7743086529884032
"Clayton Panama, Panama City",117.70534698521047,115.0,32.12030143208331,0.42662116040955633
"Clontarf Cricket Club Ground, Dublin",142.0,142.0,0.0,1.0
College Field,120.47213114754098,121.0,19.41906813607217,0.39344262295081966
"College Field, St Peter Port",178.0,178.0,0.0,1.0
Colombo Cricket Club Ground,132.40425531914894,131.0,1.5001363822342053,0.0
Colts Cricket Club Ground,79.25675675675676,76.0,19.877949408621,0.3783783783783784
Coolidge Cricket Ground,154.0,154.0,0.0,1.0
"Coolidge Cricket Ground, Antigua",154.62749003984064,142.0,55.35212572131877,0.5936254980079682
County Ground,147.63837064676616,148.0,31.261215343909623,0.6501865671641791
"County Ground, Bristol",187.77385620915032,196.0,34.68425033594834,0.6692810457516339
"County Ground, Chelmsford",140.01307189542484,144.0,29.007643200268824,0.41013071895424835
"County Ground, Derby",145.39612188365652,142.0,24.547027120895784,0.34349030470914127
"County Ground, Hove",127.95,127.0,34.55055783979428,0.4393939393939394
"County Ground, New Road, Worcester",148.0,148.0,0.0,0.0
"County Ground, Northampton",160.7704918032787,177.0,16.53169390778935,1.0
"Daren Sammy National Cricket Stadium, Gros Islet",109.32157258064517,99.0,31.57168605874736,0.49899193548387094
"Daren Sammy National Cricket Stadium, Gros Islet, St Lucia",165.11670124481327,180.0,37.57935552550705,0.46265560165975106
"Darren Sammy National Cricket Stadium, St Lucia",149.84350132625994,160.0,34.037438968551925,0.33156498673740054
De Beers Diamond Oval,194.0,194.0,0.0,1.0
Desert Springs Cricket Ground,159.25498007968127,139.0,20.539491841318807,0.4940239043824701
"Desert Springs Cricket Ground, Almeria",120.65005816207832,119.0,28.654032671216893,0.4716944552151997
"Diamond Oval, Kimberley",87.64963503649635,94.0,22.713882526434045,0.0
"Dr DY Patil Sports Academy, Mumbai",155.32952691680262,147.0,20.955969853200443,0.0
"Dr DY Patil Sports Academy, Navi Mumbai",190.48556430446195,195.0,23.923296870781925,0.6692913385826772
Dr. Y.S. Rajasekhara Reddy ACA-VDCA Cricket Stadium,105.20675105485232,126.0,22.0133693197204,0.0
"Dr. Y.S. Rajasekhara Reddy ACA-VDCA Cricket Stadium, Visakhapatnam",193.67611336032388,208.0,14.528369929214486,0.4939271255060729
Dreux Sport Cricket Club,143.4509582863585,142.0,17.520565687003774,0.4317925591882751
Dubai International Cricket Stadium,141.32455492657314,145.0,33.46127189006268,0.5092296332759045
Eden Gardens,142.6076099881094,145.0,28.995248200517526,0.28894173602853745
"Eden Gardens, Kolkata",168.62735849056602,184.0,21.137744125431716,0.5974842767295597
Eden Park,165.4901106268857,159.0,35.528318110313776,0.4388199798860208
"Eden Park, Auckland",177.04146341463414,174.0,33.60196862953273,0.3902439024390244
Edgbaston,165.6710144927536,167.0,33.052808173316045,1.0
"Edgbaston, Birmingham",141.95291064145346,160.0,39.00483601822223,0.5528364849833148
"Ekeberg Cricket Ground 1, Oslo",132.09030837004406,141.0,17.20396389952422,0.6784140969162996
"Ekeberg Cricket Ground 2, Oslo",64.0,64.0,0.0,0.0
Entebbe Cricket Oval,111.66109951287405,111.0,33.228479710981254,0.5147877522616562
Estonian National Cricket and Rugby Field,133.84083424807903,141.0,53.468876856263755,0.42041712403951703
Europa Sports Complex,135.5262237762238,148.0,34.28929163073395,0.4783216783216783
"FB Fields, St Clement",122.98151001540832,129.0,40.269036946582474,0.8089368258859785
"Faleata Oval No 2, Apia",150.47778537252222,168.0,32.223792392989154,0.51742993848257
Feroz Shah Kotla,123.2981199641898,120.0,24.327435690731352,0.22291853178155774
Forthill,96.73552983081034,99.0,19.42838332831647,0.6687444345503116
"GB Oval, Szodliget",171.2993710691824,178.0,47.81199743169575,0.5742138364779874
"GMHBA Stadium, South Geelong, Victoria",142.67967698519516,148.0,19.961275283576768,0.6635262449528937
Gaddafi Stadium,163.64032258064515,169.0,19.59345237329277,0.5306451612903226
"Gaddafi Stadium, Lahore",173.5362554112554,178.0,24.723501517396286,0.670995670995671
"Gahanga B Ground, Rwanda",97.66968325791855,96.0,30.769863532940466,0.5512820512820513
"Gahanga International Cricket Stadium, Rwanda",135.18675484351715,139.0,38.14090581598435,0.6149403874813711
Gahanga International Cricket Stadium. Rwanda,118.96214788732394,114.0,44.820806515452546,0.4007482394366197
Galle International Stadium,110.51797040169133,116.0,29.10835614682405,0.39323467230443976
Gelephu International Cricket Ground,116.59369314736203,105.0,27.230963048503952,0.38083687083080653
"Goldenacre, Edinburgh",154.14792299898684,159.0,58.811128944014655,0.6322188449848024
"Grainville, St Saviour",131.19322033898305,130.0,16.475426620008978,0.6610169491525424
"Grainville, St Saviour, Jersey",114.43119266055047,121.0,37.41140017106795,0.2762487257900102
"Grand Prairie Stadium, Dallas",144.2620016273393,136.0,27.19029986483069,0.3002441008950366
"Grange Cricket Club Ground, Raeburn Place",140.49303621169918,119.0,36.73823045641306,0.3426183844011142
"Grange Cricket Club Ground, Raeburn Place, Edinburgh",167.5886415963162,150.0,42.8711994282748,0.5706062931696086
"Grange Cricket Club, Raeburn Place",184.5511811023622,166.0,19.032200158369978,1.0
"Great Barrier Reef Arena, Mackay",142.5,142.5,0.5010277503136528,0.5
Green Park,147.0,147.0,0.0,0.0
Greenfield International Stadium,141.9611111111111,170.0,45.97356100638383,0.2722222222222222
"Greenfield International Stadium, Thiruvananthapuram",172.2568093385214,235.0,64.6018772276968,0.5136186770428015
"Ground 1, Independence Park",78.1001353179973,69.0,34.040637877130536,0.18267929634641408
"Ground 2, Independence Park",92.46895074946467,101.0,30.44442977395893,0.29336188436830835
Guanggong International Cricket Stadium,79.73706004140787,82.0,10.936217061711483,0.4886128364389234
Gucherre Cricket Ground,187.94642857142858,197.0,29.306121974192326,0.6709183673469388
"Guernsey Rovers Athletic Club Ground, Port Soif",130.29752066115702,129.0,35.804341431595155,0.3731722822631914
Guttsta Wicked Cricket Club,52.0,52.0,0.0,0.0
Gymkhana Club Ground,140.06166219839142,138.0,40.44183337185619,0.3297587131367292
"Gymkhana Club Ground, Dar-es-Salaam",91.74861111111112,119.0,49.46590259588945,0.5208333333333334
"Gymkhana Club Ground, Nairobi",130.04357569721117,130.0,47.721090299161425,0.47086653386454186
Hagley Oval,168.68979591836734,184.0,15.530565380041908,0.5061224489795918
"Hagley Oval, Christchurch",145.55967336683418,147.0,30.682886995640985,0.30778894472361806
Happy Valley Ground,134.36177311725453,130.0,37.66884046928491,0.38894184938036225
Harare Sports Club,154.15674313751492,149.0,31.154898217974374,0.5627900808911285
Haslegrave Ground,127.534,130.5,28.6471317991983,0.75
Hazelaarweg,160.67857142857142,152.0,20.0634909761733,0.6038961038961039
"Headingley, Leeds",188.04780876494024,200.0,12.023880620635042,1.0
"High Performance Oval, Windhoek",115.95020188425303,114.0,15.623309934245873,0.8344549125168237
Himachal Pradesh Cricket Association Stadium,140.73052631578946,153.0,39.30605927619631,0.4263157894736842
"Himachal Pradesh Cricket Association Stadium, Dharamsala",164.42570281124497,146.0,18.537111371299762,0.0
Holkar Cricket Stadium,201.710843373494,260.0,59.11454097367072,0.5060240963855421
"Holkar Cricket Stadium, Indore",227.0,227.0,0.0,1.0
Hong Kong Cricket Club,101.74774774774775,113.0,24.269496272710192,0.5145145145145145
"Hurlingham Club Ground, Buenos Aires",122.2752,119.0,23.844972406599787,0.6677333333333333
ICC Academy,145.56064461407973,152.0,25.591291971798242,0.7107718405428329
ICC Academy Ground No 2,155.97101449275362,157.0,29.924083467810647,0.40096618357487923
"ICC Academy Ground No 2, Dubai",102.49282296650718,101.0,32.360062893211946,0.3939393939393939
"ICC Academy, Dubai",135.41538072350113,136.0,31.79090953976289,0.576271186440678
ICC Global Cricket Academy,132.57831325301206,139.0,6.5126189208281255,0.5060240963855421
"Independence Park, Port Vila",142.79854368932038,142.0,15.179435198259805,0.28236245954692557
Indian Association Ground,146.94212849436,144.0,32.335574638838786,0.4899460519862678
"Indian Association Ground, Singapore",132.43485211830534,145.0,45.500447825907294,0.407673860911271
Integrated Polytechnic Regional Centre,132.78569856985698,127.0,49.64139729453296,0.4814081408140814
"Ishoj Cricket Club, Vejledalen",156.97142857142856,161.0,30.79026660860139,0.7904761904761904
JSCA International Stadium Complex,159.25619834710744,196.0,39.015377099520094,0.5289256198347108
"JSCA International Stadium Complex, Ranchi",164.45381526104418,153.0,11.523069230807915,0.4979919678714859
Jade Stadium,193.0,193.0,0.0,1.0
"Jimmy Powell Oval, Cayman Islands",138.01225806451612,137.0,51.398258713416745,0.48838709677419356
Jinja Cricket Ground,92.00552486187846,89.0,3.8851529893644123,0.3756906077348066
"John Davies Oval, Queenstown",156.64788732394365,152.0,16.43004355481403,0.48893360160965793
Johor Cricket Academy Oval,103.15748031496064,108.0,5.007386160037728,0.515748031496063
Junction Oval,129.93510054844606,132.0,26.706229285548353,0.5539305301645339
Kaizuka Cricket Ground,106.1328125,91.0,21.376916091549035,0.25390625
Kennington Oval,164.5137420718816,169.0,33.44558903763097,0.5882663847780126
"Kennington Oval, London",154.70623742454728,171.0,31.27302734373352,0.5070422535211268
"Kensington Oval, Barbados",94.79514824797843,97.0,10.349883308761997,0.0
"Kensington Oval, Bridgetown",153.12718446601943,160.0,25.348188962266835,0.7242718446601941
"Kensington Oval, Bridgetown, Barbados",151.06447688564478,158.0,40.65502595205601,0.5097323600973236
Kerava National Cricket Ground,132.85866194062916,141.0,39.47737412868528,0.4286663712893221
Kerrydale Oval,116.22424242424242,139.0,28.477710194410292,0.503030303030303
Khan Shaheb Osman Ali Stadium,162.86065573770492,146.0,17.034371244148254,0.4959016393442623
King George V Sports Ground,126.8135593220339,118.0,22.03106120073006,0.583804143126177
"King George V Sports Ground, Castel",158.0587167070218,156.0,37.32624436993403,0.46731234866828086
Kingsmead,150.41478342749528,153.0,37.93785716180313,0.5856873822975518
"Kingsmead, Durban",193.194847020934,190.0,20.60454943149566,0.6038647342995169
Kinrara Academy Oval,137.99131767109296,138.0,36.06874982405038,0.5007660878447395
"Kinrara Academy Oval, Kuala Lumpur",112.3960029607698,109.0,46.43390431714757,0.4674315321983716
Koge Cricket Club,127.64723467862481,110.0,36.1097119689326,0.6143497757847534
Koge Cricket Club 2,146.64285714285714,116.0,31.542024624398216,1.0
Kyambogo Cricket Oval,120.0989956958393,135.0,35.80125875301405,0.5365853658536586
LC de Villiers Oval,119.0,119.0,0.0,0.0
La Manga Club Bottom Ground,97.44795859689476,98.0,49.37329939244356,0.156411730879816
La Manga Club Top Ground,118.05903790087464,111.0,52.92477229922577,0.37900874635568516
Lalabhai Contractor Stadium,135.54526315789474,130.0,27.90867327499976,0.7410526315789474
Las Caballerizas,110.0,110.0,0.0,0.0
Lisicji Jarak Cricket Ground,147.16255442670538,154.0,59.62009713537609,0.41146589259796806
Lochlands,99.26789838337183,91.0,37.72207227978061,0.29445727482678985
Lord's,157.32544861337684,153.0,19.607477665697466,0.6125611745513866
"Lord's, London",155.0,155.0,0.0,0.5100401606425703
Los Reyes Polo Club,105.89682539682539,106.0,9.585508748805637,1.0
Lugogo Cricket Oval,135.37735849056602,142.0,11.614432984184416,1.0
M Chinnaswamy Stadium,143.3770197486535,146.0,28.99626105502601,0.5583482944344704
"M Chinnaswamy Stadium, Bangalore",28.0,28.0,0.0,0.0
"M Chinnaswamy Stadium, Bengaluru",160.0,160.0,0.0,1.0
M.Chinnaswamy Stadium,161.88844621513945,134.0,28.055721448148475,0.0
"MA Chidambaram Stadium, Chepauk",150.73627844712183,156.0,24.26526348236804,0.8259705488621151
"MA Chidambaram Stadium, Chepauk, Chennai",156.4566596194503,177.0,39.70093073883895,0.2642706131078224
Maharashtra Cricket Association Stadium,151.40983606557376,201.0,50.10109189455369,0.5040983606557377
"Maharashtra Cricket Association Stadium, Pune",193.69379844961242,206.0,12.522790131403372,1.0
"Mahinda Rajapaksa International Cricket Stadium, Sooriyawewa",136.4564943253468,132.0,31.4175357378033,0.6834804539722572
"Mahinda Rajapaksa International Cricket Stadium, Sooriyawewa, Hambantota",124.26744186046511,134.0,21.862237324713366,0.0
"Malahide, Dublin",161.81746031746033,139.0,23.045045372779846,0.49603174603174605
"Malek Cricket Ground, Ajman",108.83201581027669,121.0,26.442866538632785,0.5039525691699605
Mangaung Oval,160.58333333333334,169.0,47.323794515161865,1.0
Manuka Oval,153.4814814814815,156.0,27.838998978689787,0.4670433145009416
"Manuka Oval, Canberra",150.25742574257427,147.0,26.057931443181054,0.3606789250353607
"Maple Leaf North-East Ground, King City",197.8273092369478,219.0,30.762121936972182,1.0
Maple Leaf North-West Ground,134.48015873015873,132.0,2.504896236171738,0.0
"Maple Leaf North-West Ground, King City",131.49681190223166,139.0,43.30141433238907,0.5159404888416578
"Marina Ground, Corfu",111.3297161936561,87.0,42.57982588445454,0.43989983305509184
Marsa Sports Club,155.9072330938816,163.0,41.019410495002504,0.4037651721575427
McLean Park,171.18300653594773,173.0,39.378383979346225,0.38562091503267976
"McLean Park, Napier",147.10655737704917,160.0,13.026283892583939,0.0
"Meersen, Gent",125.29935275080906,136.0,25.937764303895587,0.41262135922330095
Melbourne Cricket Ground,144.5224084844338,147.0,27.00531852606336,0.37461512145056447
Mercantile Cricket Association Ground,132.0,132.0,0.0,0.0
"Mission Road Ground, Mong Kok",130.1755319148936,161.0,44.595460755960445,0.675531914893617
"Mission Road Ground, Mong Kok, Hong Kong",149.39061784897027,156.0,49.200586294955976,0.5819221967963387
"Mladost Cricket Ground, Zagreb",153.0284023668639,132.0,66.46476918684556,0.47692307692307695
Moara Vlasiei Cricket Ground,114.88544891640866,128.0,35.6943008138523,0.7151702786377709
"Moara Vlasiei Cricket Ground, Ilfov County",151.38261075574508,162.0,42.08410976483798,0.47121535181236673
Mombasa Sports Club Ground,115.08625336927224,107.0,11.35915393358949,0.33692722371967654
Morodok Techo National Stadium,54.7962962962963,50.0,19.304976834593514,0.30864197530864196
Moses Mabhida Stadium,168.0,168.0,0.0,1.0
Mulpani Cricket Ground,152.2594427244582,149.0,35.561614623544436,0.3888544891640867
Multan Cricket Stadium,155.734375,153.0,20.19376802311247,0.671875
"N'Du Stadium, Noumea, New Caledonia",98.07859078590786,115.0,28.35698583244073,0.7425474254742548
"Namibia Cricket Ground, Windhoek",116.66118421052632,142.0,44.71051374696012,0.0
Narendra Modi Stadium,170.5909090909091,164.0,33.011377912661175,0.39935064935064934
"Narendra Modi Stadium, Ahmedabad",234.0,234.0,0.0,1.0
"Nassau County International Cricket Stadium, New York",108.0269989615784,110.0,16.2764353352143,0.3811007268951194
"National Cricket Stadium, Grenada",208.0,208.0,0.0,1.0
"National Cricket Stadium, St George's",74.0,74.0,0.0,0.0
"National Cricket Stadium, St George's, Grenada",175.1681818181818,167.0,19.631448067628085,0.7170454545454545
"National Sports Academy, Sofia",156.59619140625,157.0,46.68231380538263,0.12841796875
National Stadium,154.11436541143655,203.0,57.51090037603141,0.5146443514644351
"National Stadium, Hamilton",165.23376623376623,176.0,50.54406976163319,0.7987012987012987
"National Stadium, Karachi",157.7426273458445,150.0,36.264692605737395,0.4670241286863271
New Wanderers Stadium,169.5655149934811,164.0,37.28434712350382,0.3924380704041721
Newlands,152.96593186372746,150.0,27.99345136685898,0.3360053440213761
"Newlands, Cape Town",152.5754339118825,149.0,28.748860463234166,0.5807743658210948
"Nigeria Cricket Federation Oval 1, Abuja",95.19096509240246,135.0,45.75222318568719,0.0
"Nigeria Cricket Federation Oval 2, Abuja",117.94551845342707,141.0,59.21670799198951,0.6625659050966608
Nondescripts Cricket Club Ground,86.51851851851852,100.0,14.019270484000957,0.0
North Sydney Oval,156.05756358768406,162.0,51.982010251301304,0.33467202141900937
"North Sydney Oval, Sydney",158.87335092348286,147.0,39.16522864108929,0.0
OUTsurance Oval,168.0,168.0,0.0,0.0
Old Hararians,125.97267206477733,137.0,41.98796399821075,0.6538461538461539
Old Trafford,155.49368088467614,150.0,29.583705180574135,0.292259083728278
"Old Trafford, Manchester",159.5149863760218,154.0,29.653263422859574,0.335149863760218
P Sara Oval,119.73662551440329,108.0,50.50977833402418,0.25102880658436216
"P Sara Oval, Colombo",121.39784946236558,118.0,14.055062902968045,0.0
Pallekele International Cricket Stadium,169.0652567975831,169.0,33.47674756514683,0.4873111782477341
"Pembroke Cricket Club, Sandymount",151.0,151.0,0.0,0.0
"Pembroke Cricket Club, Sandymount, Dublin",142.96673387096774,143.0,29.44515334854303,0.49899193548387094
Perth Stadium,149.5344827586207,133.0,45.31310920647243,0.43103448275862066
Pierre Werner Cricket Ground,163.38645418326692,163.0,13.129497295996215,0.8366533864541833
Pokhara Rangasala,108.24102564102564,50.0,108.65323421259932,0.3487179487179487
Prairie View Cricket Complex,155.5296803652968,153.0,35.91985091140713,0.4280821917808219
Providence Stadium,139.5333974050937,139.0,32.85280348124176,0.5982700624699664
"Providence Stadium, Guyana",134.0607315389924,152.0,40.9125250616855,0.38164251207729466
Pukekura Park,134.0,134.0,0.0,1.0
"Punjab Cricket Association IS Bindra Stadium, Mohali",157.6036866359447,160.0,26.502065559045057,0.7142857142857143
"Punjab Cricket Association IS Bindra Stadium, Mohali, Chandigarh",208.0,208.0,0.0,0.0
"Punjab Cricket Association Stadium, Mohali",206.0,206.0,0.0,0.0
"Queen's Park Oval, Port of Spain",129.77777777777777,132.0,16.777074376493733,0.5094850948509485
Queens Sports Club,168.0,168.0,0.0,1.0
"Queens Sports Club, Bulawayo",147.80506912442397,146.0,38.39829449253291,0.6857142857142857
R Premadasa Stadium,141.8688605108055,141.0,29.97395894054671,0.5162082514734774
"R Premadasa Stadium, Colombo",130.25931131412509,132.0,28.029511699415238,0.17427969079409697
"R.Premadasa Stadium, Khettarama",164.63020408163266,170.0,28.107948461363804,0.19918367346938776
"Rajiv Gandhi International Stadium, Uppal",207.0,207.0,0.0,0.0
"Rajiv Gandhi International Stadium, Uppal, Hyderabad",241.944,297.0,55.60955452273349,0.504
Rangiri Dambulla International Stadium,139.1248737798721,138.0,34.28792069615594,0.37899697071693034
Rawalpindi Cricket Stadium,149.7743830787309,156.0,32.30932630883417,0.0
"Reforma Athletic Club, Naucalpan",72.43791946308725,70.0,29.251408154573276,0.2063758389261745
Riverside Ground,130.314332247557,118.0,48.034488932860995,0.40390879478827363
"Riverside Ground, Chester-le-Street",153.72413793103448,139.0,25.205185127272422,0.34748010610079577
Roma Cricket Ground,135.4000796178344,142.0,27.337098845910162,0.5151273885350318
"Royal Brussels Cricket Club Ground, Waterloo",155.2199203187251,154.0,41.350905310640854,0.400796812749004
Royal Chiangmai Golf Club,100.75751503006012,113.0,20.4896711817888,0.2545090180360721
Royal Selangor Club,115.87768817204301,132.0,42.62689660804451,0.5067204301075269
"Royal Selangor Club, Kuala Lumpur",113.42126514131898,125.0,43.93037164166901,0.5047106325706595
"Ruaraka Sports Club Ground, Nairobi",196.26281208935612,224.0,85.96929866299988,0.6780551905387647
"Sabina Park, Kingston",134.30645161290323,116.0,40.503338004803325,0.3279569892473118
"Sabina Park, Kingston, Jamaica",181.4438877755511,185.0,21.24921044531012,0.5040080160320641
San Albano,316.7,333.0,16.523842955506268,1.0
Sano International Cricket Ground,124.26237054085155,105.0,59.91993756248069,0.5542002301495972
Sano International Cricket Ground 2,90.0,90.0,0.0,0.0
Santarem Cricket Ground,149.56078767123287,137.0,30.398435050755477,0.4417808219178082
Sao Fernando Polo and Cricket Club,115.80971659919028,101.0,15.516062576789151,0.4777327935222672
"Sardar Patel Stadium, Motera",192.0,192.0,0.0,1.0
Saurashtra Cricket Association Stadium,183.40106951871658,196.0,21.53679061651242,0.33689839572192515
"Saurashtra Cricket Association Stadium, Rajkot",189.18010752688173,171.0,27.33297391542275,1.0
"Sawai Mansingh Stadium, Jaipur",164.0,164.0,0.0,0.0
Saxton Oval,152.0,180.0,31.90623763466955,0.7604790419161677
"Saxton Oval, Nelson",174.2210242587601,155.0,31.344807579426966,1.0
"Scott Page Field, Vinor",143.75565399860108,149.0,44.09684983574477,0.47446957332711587
Seddon Park,169.17848528702365,173.0,33.16892502157365,0.477086348287506
"Seddon Park, Hamilton",194.0,194.0,0.0,1.0
Seebarn Cricket Centre,146.09558823529412,191.0,56.45971900393455,0.7775735294117647
"Seebarn Cricket Centre, Lower Austria",165.0,165.0,0.0,1.0
"Selangor Turf Club, Kuala Lumpur",98.67550455085082,101.0,41.973457631920894,0.3122279382667194
Senwes Park,132.0837837837838,119.0,38.62007971711454,0.33693693693693694
"Senwes Park, Potchefstroom",137.0,137.0,0.0,0.0
"Shaheed Veer Narayan Singh International Stadium, Raipur",174.0,174.0,0.0,1.0
Sharjah Cricket Stadium,136.6725829051845,128.0,33.61189014862172,0.4948622139187296
Sheikh Abu Naser Stadium,174.2560975609756,180.0,9.65196092560487,0.7520325203252033
Sheikh Zayed Stadium,134.83557120845256,134.0,26.225809434859976,0.43605546995377503
"Sheikh Zayed Stadium, Abu Dhabi",116.68453976764968,118.0,25.877509082810327,0.6747095621090259
Shere Bangla National Stadium,145.8614709110867,140.0,28.29940457940286,0.4643249176728869
"Shere Bangla National Stadium, Mirpur",136.86114649681528,128.0,33.076091978358754,0.5047133757961784
"Shrimant Madhavrao Scindia Cricket Stadium, Gwalior",127.0,127.0,0.0,0.0
"Sikh Union Club Ground, Nairobi",140.08008008008008,149.0,28.020444528253645,0.501001001001001
"Simar Cricket Ground, Rome",138.7776856076317,128.0,36.163591187649224,0.5350476980506014
"Simonds Stadium, South Geelong",137.44444444444446,173.0,36.07155423312653,0.49382716049382713
Singapore National Cricket Ground,126.87225905150433,126.0,41.658535299765546,0.3791432942376339
Sinhalese Sports Club Ground,91.63265306122449,124.0,32.56625898825033,0.0
"Sinhalese Sports Club Ground, Colombo",134.73024523160763,145.0,24.677498781573465,0.33242506811989103
"Sir Vivian Richards Stadium, North Sound",129.35450346420322,130.0,16.978060219834042,0.5785219399538106
"Sir Vivian Richards Stadium, North Sound, Antigua",123.75708502024291,115.0,36.37752094507734,0.35526315789473684
Sky Stadium,135.1394422310757,142.0,7.01259424804041,0.4900398406374502
"Sky Stadium, Wellington",174.56613756613757,180.0,36.10685756599943,0.3201058201058201
"Solvangs Park, Glostrup",98.97196261682242,96.0,3.0069026814456694,0.0
Sophia Gardens,144.85614035087718,148.0,33.82132597152396,0.29005847953216374
"Sophia Gardens, Cardiff",160.12625250501003,193.0,40.854601774205136,0.25250501002004005
Southend Club Cricket Stadium,136.0801282051282,132.0,16.862392435097156,0.7980769230769231
"Southend Club Cricket Stadium, Karachi",105.00540540540541,106.0,2.1627476684711433,0.0
"Sportpark Harga, Schiedam",116.01546391752578,99.0,44.931239663702115,0.6649484536082474
Sportpark Het Schootsveld,141.81940509915015,133.0,45.1415519031116,0.4964589235127479
"Sportpark Het Schootsveld, Deventer",133.93729903536976,121.0,29.05202603688135,0.20257234726688103
Sportpark Maarschalkerweerd,95.0665004156276,101.0,33.90979371493299,0.21030756442227763
"Sportpark Maarschalkerweerd, Utrecht",132.4007106198184,142.0,37.8818331847178,0.526253454401895
Sportpark Westvliet,140.77717391304347,144.0,9.287084621414389,0.0
"Sportpark Westvliet, The Hague",154.24954954954956,157.0,10.609040276807645,0.7738738738738739
"Sportpark Westvliet, Voorburg",136.70644922164567,134.0,27.241062480801236,0.4536693847294292
"St Albans Club, Buenos Aires",107.46760563380282,103.0,39.08671648175659,0.6320422535211268
"St George's College Ground, Buenos Aires",103.37235023041475,101.0,26.804739669194973,0.7824884792626728
St George's Park,140.61631419939576,158.0,49.09916594685425,0.7462235649546828
"St George's Park, Gqeberha",135.97727272727272,124.0,24.502781190486864,0.2863636363636364
St Georges Quilmes,82.32820512820513,72.0,30.455580606620337,0.0
St Lawrence Ground,137.0,137.0,0.0,1.0
"St Lawrence Ground, Canterbury",143.5,143.5,2.505138751568293,0.0
Stadium Australia,149.65798045602605,145.0,32.07938196061681,0.4006514657980456
"Stars Arena Hofstade, Zemst",131.51192145862552,131.0,36.201311378158536,0.2903225806451613
Subrata Roy Sahara Stadium,157.0,157.0,0.0,0.0
SuperSport Park,175.71164772727272,177.0,33.61565159217933,0.6661931818181818
"SuperSport Park, Centurion",187.6340579710145,203.0,46.41185844231176,0.1606280193236715
"Svanholm Park, Brondby",138.37808417997098,135.0,32.57895853086578,0.3635703918722787
Sydney Cricket Ground,165.86252771618626,164.0,29.382711857862095,0.5986696230598669
Sydney Parade,172.19607843137254,157.0,15.527496068814575,1.0
Sydney Showground Stadium,140.2004008016032,136.0,6.899444119369661,0.749498997995992
Sylhet International Cricket Stadium,131.70743571924947,129.0,37.61995372042438,0.6688672689367616
"Sylhet International Cricket Stadium, Academy Ground",119.2792149866191,109.0,45.28471050031663,0.5575379125780553
Sylhet Stadium,132.66012338754908,128.0,27.456721367629903,0.5530005608524958
"TCA Oval, Blantyre",140.3366745283019,140.0,45.70498419690292,0.21992924528301888
Tafawa Balewa Square (TBS) Cricket Oval,158.0,158.0,0.0,1.0
"Tafawa Balewa Square Cricket Oval, Lagos",122.87715269804822,109.0,49.92350030651443,0.6295445847684654
Takashinga Sports Club,109.64473684210526,114.0,28.55892577383414,0.6526315789473685
"Takashinga Sports Club, Highfield, Harare",130.93766937669378,134.0,20.552131910708752,0.6720867208672087
Terdthai Cricket Ground,110.10921658986175,105.0,46.91811881908246,0.5211981566820276
"Terdthai Cricket Ground, Bangkok",125.97120466557317,127.0,41.972169855166236,0.45944960816475305
The Cooper Associates County Ground,199.37423312883436,172.0,35.79966215088724,0.7505112474437627
"The Cooper Associates County Ground, Taunton",144.0,144.0,0.0,0.0
The Rose Bowl,160.09894566098944,157.0,32.51106116252493,0.5028386050283861
"The Rose Bowl, Southampton",199.11512717536814,197.0,23.338289054883084,1.0
"The Village, Malahide",164.9014308426073,181.0,49.795155386241326,0.4093799682034976
"The Village, Malahide, Dublin",145.6578282828283,124.0,42.042364274153506,0.4722222222222222
The Wanderers Stadium,185.15942028985506,196.0,24.579929440018685,0.8244766505636071
"The Wanderers Stadium, Johannesburg",207.36808846761454,201.0,47.19467552345616,0.6097946287519748
"Three Ws Oval, Cave Hill, Barbados",147.5818181818182,147.0,28.74699589047998,0.33506493506493507
Tikkurila Cricket Ground,132.01227678571428,135.0,30.99034385588427,0.6484375
"Titwood, Glasgow",162.91869918699186,174.0,33.2759752947954,0.505420054200542
Tolerance Oval,126.90958408679927,117.0,37.29924190280139,0.44665461121157324
"Tolerance Oval, Abu Dhabi",123.94439967767929,123.0,31.856909568970682,0.5036261079774376
Tony Ireland Stadium,108.91005291005291,116.0,9.592625408678717,1.0
Trent Bridge,154.0496936691627,158.0,27.22598649904445,0.5881552076242341
"Trent Bridge, Nottingham",207.81386138613863,210.0,20.6956643229074,0.7485148514851485
Tribhuvan University International Cricket Ground,152.7914979757085,140.0,54.419032366953836,0.5
"Tribhuvan University International Cricket Ground, Kirtipur",153.27475979305248,153.0,44.326705868040165,0.5332594235033259
Turf City B Cricket Ground,51.0,51.0,0.0,0.0
"UKM-YSD Cricket Oval, Bangi",111.15353352901332,110.0,50.190071423211826,0.4231203431925943
Udayana Cricket Ground,130.3046195319201,134.0,44.13406313611293,0.4123269207204999
United Cricket Club Ground,144.05334462320067,162.0,59.12581843980598,0.6867061812023709
"United Cricket Club Ground, Windhoek",125.04339378238342,120.0,36.970953084247306,0.39928756476683935
University Oval,219.0,219.0,0.0,1.0
"University Oval, Dunedin",149.13665943600867,141.0,33.625496713348305,0.5422993492407809
University of Dar-es-Salaam Ground,76.51506456241033,84.0,41.02189791976707,0.36872309899569583
University of Doha for Science and Technology,159.58807769591428,166.0,27.956540235617556,0.4983255190890824
University of Lagos Cricket Oval,126.26859504132231,124.0,35.039705138361434,0.6394628099173554
VRA Ground,122.66166281755196,125.0,42.619158638806695,0.43937644341801385
"VRA Ground, Amstelveen",119.21693907875186,117.0,25.05934405656681,0.5542347696879644
Vanuatu Cricket Ground,103.80169491525423,89.0,38.30965743692876,0.5
Vanuatu Cricket Ground (Oval 2),84.44298688193744,85.0,32.08033679448056,0.40766902119071646
"Vassil Levski National Sports Academy, Sofia",172.5135688684076,180.0,47.3761321203507,0.43164362519201227
"Velden Cricket Ground, Latschach",163.393135725429,161.0,14.328889622301977,0.8049921996879875
"Vidarbha Cricket Association Stadium, Jamtha",141.7855402112104,144.0,32.522679799082084,0.602761982128351
"Vidarbha Cricket Association Stadium, Jamtha, Nagpur",90.0,90.0,0.0,0.0
W.A.C.A. Ground,118.46526655896608,123.0,21.511568470098087,0.2035541195476575
Wanderers,134.0,134.0,0.0,0.0
Wanderers Cricket Ground,143.61087866108787,172.0,29.540942370132104,0.0
"Wanderers Cricket Ground, Windhoek",143.40495207667732,134.0,42.04313005780641,0.4701810436634718
Wankhede Stadium,185.33600917431193,182.0,36.49016584742824,0.28325688073394495
"Wankhede Stadium, Mumbai",165.48833333333334,162.0,55.91425462562703,0.6216666666666667
"Warner Park, Basseterre",120.23928571428571,118.0,32.618516623661925,0.0
"Warner Park, Basseterre, St Kitts",167.80080889787664,170.0,35.802253781895324,0.1243680485338726
"Warner Park, St Kitts",140.46759259259258,147.0,37.17306194450696,0.2800925925925926
West End Park International Cricket Stadium,87.51089108910891,97.0,22.315032929415363,0.2495049504950495
"West End Park International Cricket Stadium, Doha",142.47435690017795,133.0,31.58854403371084,0.43116000647144476
Western Australia Cricket Association Ground,159.07258064516128,133.0,26.55013541357747,0.49193548387096775
Westpac Stadium,153.4320652173913,159.0,37.3822622925744,0.39356884057971014
"White Hill Field, Sandys Parish",132.64520456069752,141.0,43.6755373086937,0.41851106639839036
Willowmoore Park,148.78313253012047,172.0,23.54562225222478,0.0
"Willowmoore Park, Benoni",152.56496631376322,155.0,34.598159045174434,0.5442733397497593
"Windsor Park, Roseau",148.9090909090909,165.0,16.529114261123024,0.512396694214876
"Windsor Park, Roseau, Dominica",158.8009478672986,193.0,42.99654691619218,0.6113744075829384
"Woodley Cricket Field, Los Angeles",109.00130293159609,122.0,27.89246435963561,0.8390879478827361
YMCA Cricket Club,132.5196779964222,136.0,29.87576584850984,0.5599284436493739
"YSD-UKM Cricket Oval, Bangi",120.57628902139601,110.0,52.811748284737604,0.4563311118905647
Yeonhui Cricket Ground,102.2637037037037,97.0,16.900523262874508,0.7955555555555556
"Yeonhui Cricket Ground, Incheon",121.90707350901526,121.0,32.915713301320686,0.7813222376329172
Zahur Ahmed Chowdhury Stadium,149.34937238493723,151.0,32.46511325844648,0.5862970711297071
"Zahur Ahmed Chowdhury Stadium, Chattogram",144.80960264900662,135.0,36.116700846572606,0.4991721854304636
"Zayed Cricket Stadium, Abu Dhabi",134.72801697998787,133.0,38.1108126443111,0.3790175864160097
Zhejiang University of Technology Cricket Field,108.58504273504273,85.0,69.09650876191183,0.3918803418803419
